Scarve;Imperceptible armageddon
Salvador;Here I Am To Worship
Eater;You
Ajattara;Saveen saarnattu
40 Grit;Taken Aside
Grand Funk Railroad;Paranoid
702;0
Gyptian;Mama
Haddaway;Stir It Up
Dayglo Abortions;Stroke All Day
Joe Walsh;Ordinary Average Guy
The Mormon Tabernacle Choir,Richard P Condie,Alexander Schreiner,The Philadelphia Brass EnsemblePercussion;God Of Our Fathers
PIERPOLJAK;Loin Des Poses Du Hip Hop
El Perro Del Mar;God Knows
Afroman;Tha More U Drink
Julie Roberts;Wake Up Older
Exposé;Exposed To Love
The Casualties;Clockwork
The Peelers;Peel It Down
Booty Luv;Shine
Accessory;One Night
Guster;Ramona
Dottie Peoples;Praise the Lord
Ben Folds;Emaline
JJ Cale;Call The Doctor
Squarepusher;Seb112
Onslaught;Blood Upon the Ice
Black N Blue;Great Guns Of Fire
Björn Rosenström;En kulen kväll
Gogol Bordello;Harem In Tuscany
The Sugarcubes;Bee
Salif Keita;Bobo
Mocean Worker;Intothinair
Ominous Seapods;For Now
Lokua Kanza;Just To Say I Love You
Pinchers;Carpenter
Stephen KelloggThe Sixers;Milwaukee
Sheena Easton;Morning Train
Orbital;The Saint
The Holloways;AAA
Chingy;F*ck Dat Nigga
Serengeti;Paper Plates
Pignoise;Quiero
GWAR;NitroBurnin' Funny Bong
Baker Brothers;Family Tree featuring Vanessa Freeman
Vicky Beeching;Majesty And Mystery
The Dreamside;Die Hoffnung
Akira Kosemura;It's On Everything
Billy Sheehan;A Million Tears Ago
The Detroit Cobras;Stupidity
Talkdemonic;In The Machinery Of Night
Jaga Jazzist;For All You Happy People
Sabrina Malheiros;New Morning
Paul Thorn;High
Marc Ribot;Commit a Crime
Broder Daniel;Sorrow
Descendents;Jean Is Dead
Arsis;Shattering The Spell
Rising Sons;The Devil's Got My Woman
OneRepublic;All Fall Down
La Portuaria;Nena De La Lluvia
Mick Est Tout Seul;Des Filles Et Puis Des Mecs
Hacride;Awakening
The Gaskets;Left Hand
Roger Daltrey;Free Me
Lewis Parker;Mum's The Word
Iration;The End
Joe Strummer;All In A Day
The House Of Love;Destroy The Heart
Urban Knights;Dancing Angels
Death In Vegas;Soul Auctioneer
Energy 52;Café Del Mar
Di Leva;Frukt gröntvatten
The Rumble Strips;Not The Only Person
Gabriela Anders;Meant To Be
CREMATORY;Ist Es Wahr
Oxymoron;Insane
Combichrist;HAL 9000
Melanie C;Next Best Superstar
Mau Mau;Razza Predona
Signal;naplafa
Atari Teenage Riot;Deutschland
Lunatica;Introduction
Twista;Get It How You Live
Amon Tobin;Esthers
Lords of the New Church;Like a virgin
Madonna;Like a virgin
The Coffin Nails;Like a virgin
Leningrad Cowboys;Like a virgin
Teenage Fanclub;Like a virgin
Backstreet Law;Like a virgin
Amos Lee;Like a virgin
PanterA;Avoid the Light
PanterA;Electric Funeral
PanterA;Cat Scratch Fever
PanterA;Immortally Insane
PanterA;Cementary Gates
PanterA;The Badge
PanterA;Planet Caravan
Sidney Polak;Wieżowce
